PID,NAME,RA,DEC,EPOC
SPLUS,SPLUS-b001,17:51:04.4628,-18:19:32.9579,2000.
SPLUS,SPLUS-b002,17:48:00,-19:43:26.7769,2000.
SPLUS,SPLUS-b003,17:54:00,-19:43:26.7769,2000.
SPLUS,SPLUS-b004,18:00:00,-19:43:26.7769,2000.
SPLUS,SPLUS-b005,17:44:52.437,-21:07:14.4295,2000.
SPLUS,SPLUS-b006,17:50:55.4622,-21:07:14.4295,2000.
SPLUS,SPLUS-b007,17:56:58.4874,-21:07:14.4295,2000.
SPLUS,SPLUS-b008,18:03:01.5126,-21:07:14.4295,2000.
SPLUS,SPLUS-b009,18:09:04.5378,-21:07:14.4295,2000.
SPLUS,SPLUS-b010,17:41:41.6949,-22:30:55.9281,2000.
SPLUS,SPLUS-b011,17:47:47.7966,-22:30:55.9281,2000.
SPLUS,SPLUS-b012,17:53:53.8983,-22:30:55.9281,2000.
SPLUS,SPLUS-b013,18:00:00,-22:30:55.9281,2000.
SPLUS,SPLUS-b014,18:06:06.1017,-22:30:55.9281,2000.
SPLUS,SPLUS-b015,18:12:12.2034,-22:30:55.9281,2000.
SPLUS,SPLUS-b016,18:18:18.3051,-22:30:55.9281,2000.
SPLUS,SPLUS-b017,18:24:24.4068,-22:30:55.9281,2000.
SPLUS,SPLUS-b018,17:38:27.6923,-23:54:31.2991,2000.
SPLUS,SPLUS-b019,17:44:36.9231,-23:54:31.2991,2000.
SPLUS,SPLUS-b020,17:50:46.1538,-23:54:31.2991,2000.
SPLUS,SPLUS-b021,17:56:55.3846,-23:54:31.2991,2000.
SPLUS,SPLUS-b022,18:03:04.6154,-23:54:31.2991,2000.
SPLUS,SPLUS-b023,18:09:13.8462,-23:54:31.2991,2000.
SPLUS,SPLUS-b024,18:15:23.0769,-23:54:31.2991,2000.
SPLUS,SPLUS-b025,18:21:32.3077,-23:54:31.2991,2000.
SPLUS,SPLUS-b026,18:27:41.5385,-23:54:31.2991,2000.
SPLUS,SPLUS-b027,18:33:50.7692,-23:54:31.2991,2000.
SPLUS,SPLUS-b028,17:33:30.3896,-25:18:00.5833,2000.
SPLUS,SPLUS-b029,17:39:44.4156,-25:18:00.5833,2000.
SPLUS,SPLUS-b030,17:45:58.4416,-25:18:00.5833,2000.
SPLUS,SPLUS-b031,17:52:12.4675,-25:18:00.5833,2000.
SPLUS,SPLUS-b032,17:58:26.4935,-25:18:00.5833,2000.
SPLUS,SPLUS-b033,18:04:40.5195,-25:18:00.5833,2000.
SPLUS,SPLUS-b034,18:10:54.5455,-25:18:00.5833,2000.
SPLUS,SPLUS-b035,18:17:08.5714,-25:18:00.5833,2000.
SPLUS,SPLUS-b038,18:35:50.6494,-25:18:00.5833,2000.
SPLUS,SPLUS-b039,18:42:04.6753,-25:18:00.5833,2000.
SPLUS,SPLUS-b040,18:48:18.7013,-25:18:00.5833,2000.
SPLUS,SPLUS-b041,17:28:25.2632,-26:41:22.8923,2000.
SPLUS,SPLUS-b042,17:34:44.2105,-26:41:22.8923,2000.
SPLUS,SPLUS-b043,17:41:03.1579,-26:41:22.8923,2000.
SPLUS,SPLUS-b044,17:47:22.1053,-26:41:22.8923,2000.
SPLUS,SPLUS-b045,17:53:41.0526,-26:41:22.8923,2000.
SPLUS,SPLUS-b046,18:00:00,-26:41:22.8923,2000.
SPLUS,SPLUS-b047,18:06:18.9474,-26:41:22.8923,2000.
SPLUS,SPLUS-b048,18:12:37.8947,-26:41:22.8923,2000.
SPLUS,SPLUS-b049,18:18:56.8421,-26:41:22.8923,2000.
SPLUS,SPLUS-b050,18:25:15.7895,-26:41:22.8923,2000.
SPLUS,SPLUS-b051,18:31:34.7368,-26:41:22.8923,2000.
SPLUS,SPLUS-b052,18:37:53.6842,-26:41:22.8923,2000.
SPLUS,SPLUS-b054,18:50:31.5789,-26:41:22.8923,2000.
SPLUS,SPLUS-b056,19:03:09.4737,-26:41:22.8923,2000.
SPLUS,SPLUS-b057,17:24:57.3451,-28:04:38.1627,2000.
SPLUS,SPLUS-b058,17:31:19.646,-28:04:38.1627,2000.
SPLUS,SPLUS-b059,17:37:41.9469,-28:04:38.1627,2000.
SPLUS,SPLUS-b060,17:44:04.2478,-28:04:38.1627,2000.
SPLUS,SPLUS-b061,17:50:26.5487,-28:04:38.1627,2000.
SPLUS,SPLUS-b062,17:56:48.8496,-28:04:38.1627,2000.
SPLUS,SPLUS-b063,18:03:11.1504,-28:04:38.1627,2000.
SPLUS,SPLUS-b064,18:09:33.4513,-28:04:38.1627,2000.
SPLUS,SPLUS-b065,18:15:55.7522,-28:04:38.1627,2000.
SPLUS,SPLUS-b066,18:22:18.0531,-28:04:38.1627,2000.
SPLUS,SPLUS-b067,18:28:40.354,-28:04:38.1627,2000.
SPLUS,SPLUS-b068,18:35:02.6549,-28:04:38.1627,2000.
SPLUS,SPLUS-b069,18:41:24.9558,-28:04:38.1627,2000.
SPLUS,SPLUS-b070,18:47:47.2566,-28:04:38.1627,2000.
SPLUS,SPLUS-b071,18:54:09.5575,-28:04:38.1627,2000.
SPLUS,SPLUS-b072,19:00:31.8584,-28:04:38.1627,2000.
SPLUS,SPLUS-b073,17:19:38.4753,-29:27:47.436,2000.
SPLUS,SPLUS-b074,17:26:05.9193,-29:27:47.436,2000.
SPLUS,SPLUS-b075,17:32:33.3632,-29:27:47.436,2000.
SPLUS,SPLUS-b076,17:39:00.8072,-29:27:47.436,2000.
SPLUS,SPLUS-b077,17:45:28.2511,-29:27:47.436,2000.
SPLUS,SPLUS-b078,17:51:55.6951,-29:27:47.436,2000.
SPLUS,SPLUS-b079,17:58:23.139,-29:27:47.436,2000.
SPLUS,SPLUS-b081,18:11:18.0269,-29:27:47.436,2000.
SPLUS,SPLUS-b084,18:30:40.3587,-29:27:47.436,2000.
SPLUS,SPLUS-b085,18:37:07.8027,-29:27:47.436,2000.
SPLUS,SPLUS-b086,18:43:35.2466,-29:27:47.436,2000.
SPLUS,SPLUS-b087,18:50:02.6906,-29:27:47.436,2000.
SPLUS,SPLUS-b088,18:56:30.1345,-29:27:47.436,2000.
SPLUS,SPLUS-b089,17:14:10.9091,-30:50:49.656,2000.
SPLUS,SPLUS-b090,17:20:43.6364,-30:50:49.656,2000.
SPLUS,SPLUS-b091,17:27:16.3636,-30:50:49.656,2000.
SPLUS,SPLUS-b092,17:33:49.0909,-30:50:49.656,2000.
SPLUS,SPLUS-b093,17:40:21.8182,-30:50:49.656,2000.
SPLUS,SPLUS-b094,17:46:54.5455,-30:50:49.656,2000.
SPLUS,SPLUS-b095,17:53:27.2727,-30:50:49.656,2000.
SPLUS,SPLUS-b096,18:00:00,-30:50:49.656,2000.
SPLUS,SPLUS-b098,18:13:05.4545,-30:50:49.656,2000.
SPLUS,SPLUS-b100,18:26:10.9091,-30:50:49.656,2000.
SPLUS,SPLUS-b101,18:32:43.6364,-30:50:49.656,2000.
SPLUS,SPLUS-b102,18:39:16.3636,-30:50:49.656,2000.
SPLUS,SPLUS-b103,18:45:49.0909,-30:50:49.656,2000.
SPLUS,SPLUS-b104,18:52:21.8182,-30:50:49.656,2000.
SPLUS,SPLUS-b105,18:58:54.5455,-30:50:49.656,2000.
SPLUS,SPLUS-b106,17:08:34.2857,-32:13:44.7973,2000.
SPLUS,SPLUS-b107,17:15:12.4424,-32:13:44.7973,2000.
SPLUS,SPLUS-b108,17:21:50.5991,-32:13:44.7973,2000.
SPLUS,SPLUS-b109,17:28:28.7558,-32:13:44.7973,2000.
SPLUS,SPLUS-b110,17:35:06.9124,-32:13:44.7973,2000.
SPLUS,SPLUS-b111,17:41:45.0691,-32:13:44.7973,2000.
SPLUS,SPLUS-b112,17:48:23.2258,-32:13:44.7973,2000.
SPLUS,SPLUS-b113,17:55:01.3825,-32:13:44.7973,2000.
SPLUS,SPLUS-b114,18:01:39.5392,-32:13:44.7973,2000.
SPLUS,SPLUS-b115,18:08:17.6959,-32:13:44.7973,2000.
SPLUS,SPLUS-b116,18:14:55.8525,-32:13:44.7973,2000.
SPLUS,SPLUS-b117,18:21:34.0092,-32:13:44.7973,2000.
SPLUS,SPLUS-b118,18:28:12.1659,-32:13:44.7973,2000.
SPLUS,SPLUS-b119,18:34:50.3226,-32:13:44.7973,2000.
SPLUS,SPLUS-b120,18:41:28.4793,-32:13:44.7973,2000.
SPLUS,SPLUS-b121,18:48:06.6359,-32:13:44.7973,2000.
SPLUS,SPLUS-b122,18:54:44.7926,-32:13:44.7973,2000.
SPLUS,SPLUS-b123,17:07:36.338,-33:36:32.8473,2000.
SPLUS,SPLUS-b124,17:14:21.9718,-33:36:32.8473,2000.
SPLUS,SPLUS-b125,17:21:07.6056,-33:36:32.8473,2000.
SPLUS,SPLUS-b126,17:27:53.2394,-33:36:32.8473,2000.
SPLUS,SPLUS-b127,17:34:38.8732,-33:36:32.8473,2000.
SPLUS,SPLUS-b128,17:41:24.507,-33:36:32.8473,2000.
SPLUS,SPLUS-b129,17:48:10.1408,-33:36:32.8473,2000.
SPLUS,SPLUS-b130,17:54:55.7746,-33:36:32.8473,2000.
SPLUS,SPLUS-b131,18:01:41.4085,-33:36:32.8473,2000.
SPLUS,SPLUS-b132,18:08:27.0423,-33:36:32.8473,2000.
SPLUS,SPLUS-b133,18:15:12.6761,-33:36:32.8473,2000.
SPLUS,SPLUS-b135,18:28:43.9437,-33:36:32.8473,2000.
SPLUS,SPLUS-b136,18:35:29.5775,-33:36:32.8473,2000.
SPLUS,SPLUS-b137,18:42:15.2113,-33:36:32.8473,2000.
SPLUS,SPLUS-b138,18:49:00.8451,-33:36:32.8473,2000.
SPLUS,SPLUS-b139,17:08:34.2857,-34:59:12.3852,2000.
SPLUS,SPLUS-b140,17:15:25.7143,-34:59:12.3852,2000.
SPLUS,SPLUS-b141,17:22:17.1429,-34:59:12.3852,2000.
SPLUS,SPLUS-b142,17:29:08.5714,-34:59:12.3852,2000.
SPLUS,SPLUS-b143,17:36:00,-34:59:12.3852,2000.
SPLUS,SPLUS-b144,17:42:51.4286,-34:59:12.3852,2000.
SPLUS,SPLUS-b145,17:49:42.8571,-34:59:12.3852,2000.
SPLUS,SPLUS-b146,17:56:34.2857,-34:59:12.3852,2000.
SPLUS,SPLUS-b147,18:03:25.7143,-34:59:12.3852,2000.
SPLUS,SPLUS-b148,18:10:17.1429,-34:59:12.3852,2000.
SPLUS,SPLUS-b149,18:17:08.5714,-34:59:12.3852,2000.
SPLUS,SPLUS-b151,18:30:51.4286,-34:59:12.3852,2000.
SPLUS,SPLUS-b152,18:37:42.8571,-34:59:12.3852,2000.
SPLUS,SPLUS-b153,18:44:34.2857,-34:59:12.3852,2000.
SPLUS,SPLUS-b154,17:16:31.3043,-36:21:44.7613,2000.
SPLUS,SPLUS-b155,17:23:28.6957,-36:21:44.7613,2000.
SPLUS,SPLUS-b158,17:44:20.8696,-36:21:44.7613,2000.
SPLUS,SPLUS-b160,17:58:15.6522,-36:21:44.7613,2000.
SPLUS,SPLUS-b161,18:05:13.0435,-36:21:44.7613,2000.
SPLUS,SPLUS-b162,18:12:10.4348,-36:21:44.7613,2000.
SPLUS,SPLUS-b164,18:26:05.2174,-36:21:44.7613,2000.
SPLUS,SPLUS-b165,18:33:02.6087,-36:21:44.7613,2000.
SPLUS,SPLUS-b166,18:40:00,-36:21:44.7613,2000.
SPLUS,SPLUS-b167,18:46:57.3913,-36:21:44.7613,2000.
SPLUS,SPLUS-b168,17:22:45.5172,-37:44:10.0038,2000.
SPLUS,SPLUS-b171,17:44:02.3645,-37:44:10.0038,2000.
SPLUS,SPLUS-b173,17:58:13.5961,-37:44:10.0038,2000.
SPLUS,SPLUS-b174,18:05:19.2118,-37:44:10.0038,2000.
SPLUS,SPLUS-b175,18:12:24.8276,-37:44:10.0038,2000.
SPLUS,SPLUS-b176,18:19:30.4433,-37:44:10.0038,2000.
SPLUS,SPLUS-b177,18:26:36.0591,-37:44:10.0038,2000.
SPLUS,SPLUS-b178,18:33:41.6749,-37:44:10.0038,2000.
SPLUS,SPLUS-b179,18:40:47.2906,-37:44:10.0038,2000.
SPLUS,SPLUS-b180,17:36:28.9447,-39:06:26.4392,2000.
SPLUS,SPLUS-b182,17:50:57.2864,-39:06:26.4392,2000.
SPLUS,SPLUS-b183,17:58:11.4573,-39:06:26.4392,2000.
SPLUS,SPLUS-b184,18:05:25.6281,-39:06:26.4392,2000.
SPLUS,SPLUS-b185,18:12:39.799,-39:06:26.4392,2000.
SPLUS,SPLUS-b186,18:19:53.9698,-39:06:26.4392,2000.
SPLUS,SPLUS-b187,18:27:08.1407,-39:06:26.4392,2000.
SPLUS,SPLUS-b188,18:34:22.3116,-39:06:26.4392,2000.
SPLUS,SPLUS-b189,18:41:36.4824,-39:06:26.4392,2000.
SPLUS,SPLUS-b191,17:58:09.2308,-40:28:33.9089,2000.
SPLUS,SPLUS-b192,18:05:32.3077,-40:28:33.9089,2000.
SPLUS,SPLUS-b193,18:12:55.3846,-40:28:33.9089,2000.
SPLUS,SPLUS-b194,18:20:18.4615,-40:28:33.9089,2000.
SPLUS,SPLUS-b195,18:27:41.5385,-40:28:33.9089,2000.
SPLUS,SPLUS-b196,18:35:04.6154,-40:28:33.9089,2000.
SPLUS,SPLUS-b197,17:58:06.911,-41:50:32.2588,2000.
SPLUS,SPLUS-b198,18:05:39.267,-41:50:32.2588,2000.
SPLUS,SPLUS-b199,18:13:11.623,-41:50:32.2588,2000.
SPLUS,SPLUS-b200,18:20:43.9791,-41:50:32.2588,2000.
SPLUS,SPLUS-b201,18:28:16.3351,-41:50:32.2588,2000.
SPLUS,SPLUS-b202,18:13:28.5561,-43:12:21.3398,2000.
SPLUS,SPLUS-b203,18:21:10.5882,-43:12:21.3398,2000.
SPLUS,SPLUS-b204,18:28:52.6203,-43:12:21.3398,2000.
SPLUS,SPLUS-d001,07:22:12.2835,-04:15:10.3926,2000.
SPLUS,SPLUS-d002,07:12:34.1502,-05:40:02.5568,2000.
SPLUS,SPLUS-d003,07:18:15.6522,-05:40:02.5568,2000.
SPLUS,SPLUS-d004,07:23:57.1542,-05:40:02.5568,2000.
SPLUS,SPLUS-d005,07:02:51.4286,-07:04:48.9493,2000.
SPLUS,SPLUS-d006,07:08:34.2857,-07:04:48.9493,2000.
SPLUS,SPLUS-d007,07:14:17.1429,-07:04:48.9493,2000.
SPLUS,SPLUS-d008,07:20:00,-07:04:48.9493,2000.
SPLUS,SPLUS-d009,07:25:42.8571,-07:04:48.9493,2000.
SPLUS,SPLUS-d010,06:51:25.7143,-08:29:29.548,2000.
SPLUS,SPLUS-d011,06:57:08.5714,-08:29:29.548,2000.
SPLUS,SPLUS-d012,07:02:51.4286,-08:29:29.548,2000.
SPLUS,SPLUS-d013,07:08:34.2857,-08:29:29.548,2000.
SPLUS,SPLUS-d014,07:14:17.1429,-08:29:29.548,2000.
SPLUS,SPLUS-d015,07:20:00,-08:29:29.548,2000.
SPLUS,SPLUS-d016,07:25:42.8571,-08:29:29.548,2000.
SPLUS,SPLUS-d017,07:31:25.7143,-08:29:29.548,2000.
SPLUS,SPLUS-d018,06:35:51.3944,-09:54:04.639,2000.
SPLUS,SPLUS-d019,06:41:35.6175,-09:54:04.639,2000.
SPLUS,SPLUS-d020,06:47:19.8406,-09:54:04.639,2000.
SPLUS,SPLUS-d021,06:53:04.0637,-09:54:04.639,2000.
SPLUS,SPLUS-d022,06:58:48.2869,-09:54:04.639,2000.
SPLUS,SPLUS-d023,07:04:32.51,-09:54:04.639,2000.
SPLUS,SPLUS-d024,07:10:16.7331,-09:54:04.639,2000.
SPLUS,SPLUS-d025,07:16:00.9562,-09:54:04.639,2000.
SPLUS,SPLUS-d026,07:21:45.1793,-09:54:04.639,2000.
SPLUS,SPLUS-d027,07:27:29.4024,-09:54:04.639,2000.
SPLUS,SPLUS-d028,07:33:13.6255,-09:54:04.639,2000.
SPLUS,SPLUS-d029,06:25:55.2,-11:18:33.9798,2000.
SPLUS,SPLUS-d030,06:31:40.8,-11:18:33.9798,2000.
SPLUS,SPLUS-d031,06:37:26.4,-11:18:33.9798,2000.
SPLUS,SPLUS-d032,06:43:12,-11:18:33.9798,2000.
SPLUS,SPLUS-d033,06:48:57.6,-11:18:33.9798,2000.
SPLUS,SPLUS-d034,06:54:43.2,-11:18:33.9798,2000.
SPLUS,SPLUS-d035,07:00:28.8,-11:18:33.9798,2000.
SPLUS,SPLUS-d036,07:06:14.4,-11:18:33.9798,2000.
SPLUS,SPLUS-d037,07:12:00,-11:18:33.9798,2000.
SPLUS,SPLUS-d038,07:17:45.6,-11:18:33.9798,2000.
SPLUS,SPLUS-d039,07:23:31.2,-11:18:33.9798,2000.
SPLUS,SPLUS-d040,07:29:16.8,-11:18:33.9798,2000.
SPLUS,SPLUS-d041,07:35:02.4,-11:18:33.9798,2000.
SPLUS,SPLUS-d042,06:17:25.1613,-12:42:57.5892,2000.
SPLUS,SPLUS-d043,06:23:13.5484,-12:42:57.5892,2000.
SPLUS,SPLUS-d044,06:29:01.9355,-12:42:57.5892,2000.
SPLUS,SPLUS-d045,06:34:50.3226,-12:42:57.5892,2000.
SPLUS,SPLUS-d046,06:40:38.7097,-12:42:57.5892,2000.
SPLUS,SPLUS-d047,06:46:27.0968,-12:42:57.5892,2000.
SPLUS,SPLUS-d048,06:52:15.4839,-12:42:57.5892,2000.
SPLUS,SPLUS-d049,06:58:03.871,-12:42:57.5892,2000.
SPLUS,SPLUS-d050,07:03:52.2581,-12:42:57.5892,2000.
SPLUS,SPLUS-d051,07:09:40.6452,-12:42:57.5892,2000.
SPLUS,SPLUS-d052,07:15:29.0323,-12:42:57.5892,2000.
SPLUS,SPLUS-d053,07:21:17.4194,-12:42:57.5892,2000.
SPLUS,SPLUS-d054,07:27:05.8065,-12:42:57.5892,2000.
SPLUS,SPLUS-d055,07:32:54.1935,-12:42:57.5892,2000.
SPLUS,SPLUS-d056,07:38:42.5806,-12:42:57.5892,2000.
SPLUS,SPLUS-d057,06:13:07.0445,-14:07:15.0631,2000.
SPLUS,SPLUS-d058,06:18:56.8421,-14:07:15.0631,2000.
SPLUS,SPLUS-d059,06:24:46.6397,-14:07:15.0631,2000.
SPLUS,SPLUS-d060,06:30:36.4372,-14:07:15.0631,2000.
SPLUS,SPLUS-d061,06:36:26.2348,-14:07:15.0631,2000.
SPLUS,SPLUS-d062,06:42:16.0324,-14:07:15.0631,2000.
SPLUS,SPLUS-d063,06:48:05.83,-14:07:15.0631,2000.
SPLUS,SPLUS-d064,06:53:55.6275,-14:07:15.0631,2000.
SPLUS,SPLUS-d065,06:59:45.4251,-14:07:15.0631,2000.
SPLUS,SPLUS-d066,07:05:35.2227,-14:07:15.0631,2000.
SPLUS,SPLUS-d067,07:11:25.0202,-14:07:15.0631,2000.
SPLUS,SPLUS-d068,07:17:14.8178,-14:07:15.0631,2000.
SPLUS,SPLUS-d069,07:23:04.6154,-14:07:15.0631,2000.
SPLUS,SPLUS-d070,07:28:54.413,-14:07:15.0631,2000.
SPLUS,SPLUS-d071,07:34:44.2105,-14:07:15.0631,2000.
SPLUS,SPLUS-d072,07:40:34.0081,-14:07:15.0631,2000.
SPLUS,SPLUS-d073,06:20:29.2683,-15:31:26.8376,2000.
SPLUS,SPLUS-d074,06:26:20.4878,-15:31:26.8376,2000.
SPLUS,SPLUS-d075,06:32:11.7073,-15:31:26.8376,2000.
SPLUS,SPLUS-d076,06:38:02.9268,-15:31:26.8376,2000.
SPLUS,SPLUS-d078,06:49:45.3659,-15:31:26.8376,2000.
SPLUS,SPLUS-d079,06:55:36.5854,-15:31:26.8376,2000.
SPLUS,SPLUS-d080,07:01:27.8049,-15:31:26.8376,2000.
SPLUS,SPLUS-d081,07:07:19.0244,-15:31:26.8376,2000.
SPLUS,SPLUS-d082,07:13:10.2439,-15:31:26.8376,2000.
SPLUS,SPLUS-d083,07:19:01.4634,-15:31:26.8376,2000.
SPLUS,SPLUS-d084,07:24:52.6829,-15:31:26.8376,2000.
SPLUS,SPLUS-d085,07:30:43.9024,-15:31:26.8376,2000.
SPLUS,SPLUS-d086,07:36:35.122,-15:31:26.8376,2000.
SPLUS,SPLUS-d087,07:42:26.3415,-15:31:26.8376,2000.
SPLUS,SPLUS-d088,06:17:42.2951,-16:55:32.9733,2000.
SPLUS,SPLUS-d090,06:29:30.4918,-16:55:32.9733,2000.
SPLUS,SPLUS-d091,06:35:24.5902,-16:55:32.9733,2000.
SPLUS,SPLUS-d094,06:53:06.8852,-16:55:32.9733,2000.
SPLUS,SPLUS-d095,06:59:00.9836,-16:55:32.9733,2000.
SPLUS,SPLUS-d096,07:04:55.082,-16:55:32.9733,2000.
SPLUS,SPLUS-d097,07:10:49.1803,-16:55:32.9733,2000.
SPLUS,SPLUS-d098,07:16:43.2787,-16:55:32.9733,2000.
SPLUS,SPLUS-d099,07:22:37.377,-16:55:32.9733,2000.
SPLUS,SPLUS-d100,07:28:31.4754,-16:55:32.9733,2000.
SPLUS,SPLUS-d101,07:34:25.5738,-16:55:32.9733,2000.
SPLUS,SPLUS-d102,07:40:19.6721,-16:55:32.9733,2000.
SPLUS,SPLUS-d103,07:46:13.7705,-16:55:32.9733,2000.
SPLUS,SPLUS-d106,06:32:43.6364,-18:19:32.9579,2000.
SPLUS,SPLUS-d107,06:38:40.6612,-18:19:32.9579,2000.
SPLUS,SPLUS-d108,06:44:37.686,-18:19:32.9579,2000.
SPLUS,SPLUS-d109,06:50:34.7107,-18:19:32.9579,2000.
SPLUS,SPLUS-d110,06:56:31.7355,-18:19:32.9579,2000.
SPLUS,SPLUS-d111,07:02:28.7603,-18:19:32.9579,2000.
SPLUS,SPLUS-d112,07:08:25.7851,-18:19:32.9579,2000.
SPLUS,SPLUS-d113,07:14:22.8099,-18:19:32.9579,2000.
SPLUS,SPLUS-d114,07:20:19.8347,-18:19:32.9579,2000.
SPLUS,SPLUS-d115,07:26:16.8595,-18:19:32.9579,2000.
SPLUS,SPLUS-d116,07:32:13.8843,-18:19:32.9579,2000.
SPLUS,SPLUS-d117,07:38:10.9091,-18:19:32.9579,2000.
SPLUS,SPLUS-d118,07:44:07.9339,-18:19:32.9579,2000.
SPLUS,SPLUS-d119,07:50:04.9587,-18:19:32.9579,2000.
SPLUS,SPLUS-d120,06:24:00,-19:43:26.7769,2000.
SPLUS,SPLUS-d121,06:30:00,-19:43:26.7769,2000.
SPLUS,SPLUS-d123,06:42:00,-19:43:26.7769,2000.
SPLUS,SPLUS-d124,06:48:00,-19:43:26.7769,2000.
SPLUS,SPLUS-d125,06:54:00,-19:43:26.7769,2000.
SPLUS,SPLUS-d126,07:00:00,-19:43:26.7769,2000.
SPLUS,SPLUS-d127,07:06:00,-19:43:26.7769,2000.
SPLUS,SPLUS-d128,07:12:00,-19:43:26.7769,2000.
SPLUS,SPLUS-d129,07:18:00,-19:43:26.7769,2000.
SPLUS,SPLUS-d130,07:24:00,-19:43:26.7769,2000.
SPLUS,SPLUS-d131,07:30:00,-19:43:26.7769,2000.
SPLUS,SPLUS-d132,07:36:00,-19:43:26.7769,2000.
SPLUS,SPLUS-d133,07:42:00,-19:43:26.7769,2000.
SPLUS,SPLUS-d134,07:48:00,-19:43:26.7769,2000.
SPLUS,SPLUS-d135,07:54:00,-19:43:26.7769,2000.
SPLUS,SPLUS-d136,06:27:13.6134,-21:07:14.4295,2000.
SPLUS,SPLUS-d137,06:33:16.6387,-21:07:14.4295,2000.
SPLUS,SPLUS-d138,06:39:19.6639,-21:07:14.4295,2000.
SPLUS,SPLUS-d139,06:45:22.6891,-21:07:14.4295,2000.
SPLUS,SPLUS-d140,06:51:25.7143,-21:07:14.4295,2000.
SPLUS,SPLUS-d141,06:57:28.7395,-21:07:14.4295,2000.
SPLUS,SPLUS-d142,07:03:31.7647,-21:07:14.4295,2000.
SPLUS,SPLUS-d143,07:09:34.7899,-21:07:14.4295,2000.
SPLUS,SPLUS-d144,07:15:37.8151,-21:07:14.4295,2000.
SPLUS,SPLUS-d145,07:21:40.8403,-21:07:14.4295,2000.
SPLUS,SPLUS-d146,07:27:43.8655,-21:07:14.4295,2000.
SPLUS,SPLUS-d147,07:33:46.8908,-21:07:14.4295,2000.
SPLUS,SPLUS-d148,07:39:49.916,-21:07:14.4295,2000.
SPLUS,SPLUS-d149,07:45:52.9412,-21:07:14.4295,2000.
SPLUS,SPLUS-d150,07:51:55.9664,-21:07:14.4295,2000.
SPLUS,SPLUS-d151,07:57:58.9916,-21:07:14.4295,2000.
SPLUS,SPLUS-d152,06:30:30.5085,-22:30:55.9281,2000.
SPLUS,SPLUS-d153,06:36:36.6102,-22:30:55.9281,2000.
SPLUS,SPLUS-d154,06:42:42.7119,-22:30:55.9281,2000.
SPLUS,SPLUS-d155,06:48:48.8136,-22:30:55.9281,2000.
SPLUS,SPLUS-d156,06:54:54.9153,-22:30:55.9281,2000.
SPLUS,SPLUS-d157,07:01:01.0169,-22:30:55.9281,2000.
SPLUS,SPLUS-d158,07:07:07.1186,-22:30:55.9281,2000.
SPLUS,SPLUS-d159,07:13:13.2203,-22:30:55.9281,2000.
SPLUS,SPLUS-d160,07:19:19.322,-22:30:55.9281,2000.
SPLUS,SPLUS-d161,07:25:25.4237,-22:30:55.9281,2000.
SPLUS,SPLUS-d162,07:31:31.5254,-22:30:55.9281,2000.
SPLUS,SPLUS-d163,07:37:37.6271,-22:30:55.9281,2000.
SPLUS,SPLUS-d164,07:43:43.7288,-22:30:55.9281,2000.
SPLUS,SPLUS-d165,07:49:49.8305,-22:30:55.9281,2000.
SPLUS,SPLUS-d166,07:55:55.9322,-22:30:55.9281,2000.
SPLUS,SPLUS-d167,08:02:02.0339,-22:30:55.9281,2000.
SPLUS,SPLUS-d168,06:33:50.7692,-23:54:31.2991,2000.
SPLUS,SPLUS-d169,06:40:00,-23:54:31.2991,2000.
SPLUS,SPLUS-d170,06:46:09.2308,-23:54:31.2991,2000.
SPLUS,SPLUS-d172,06:58:27.6923,-23:54:31.2991,2000.
SPLUS,SPLUS-d174,07:10:46.1538,-23:54:31.2991,2000.
SPLUS,SPLUS-d175,07:16:55.3846,-23:54:31.2991,2000.
SPLUS,SPLUS-d176,07:23:04.6154,-23:54:31.2991,2000.
SPLUS,SPLUS-d177,07:29:13.8462,-23:54:31.2991,2000.
SPLUS,SPLUS-d178,07:35:23.0769,-23:54:31.2991,2000.
SPLUS,SPLUS-d179,07:41:32.3077,-23:54:31.2991,2000.
SPLUS,SPLUS-d180,07:47:41.5385,-23:54:31.2991,2000.
SPLUS,SPLUS-d181,07:53:50.7692,-23:54:31.2991,2000.
SPLUS,SPLUS-d182,08:00:00,-23:54:31.2991,2000.
SPLUS,SPLUS-d184,06:38:57.6623,-25:18:00.5833,2000.
SPLUS,SPLUS-d185,06:45:11.6883,-25:18:00.5833,2000.
SPLUS,SPLUS-d186,06:51:25.7143,-25:18:00.5833,2000.
SPLUS,SPLUS-d187,06:57:39.7403,-25:18:00.5833,2000.
SPLUS,SPLUS-d188,07:03:53.7662,-25:18:00.5833,2000.
SPLUS,SPLUS-d189,07:10:07.7922,-25:18:00.5833,2000.
SPLUS,SPLUS-d190,07:16:21.8182,-25:18:00.5833,2000.
SPLUS,SPLUS-d191,07:22:35.8442,-25:18:00.5833,2000.
SPLUS,SPLUS-d192,07:28:49.8701,-25:18:00.5833,2000.
SPLUS,SPLUS-d193,07:35:03.8961,-25:18:00.5833,2000.
SPLUS,SPLUS-d194,07:41:17.9221,-25:18:00.5833,2000.
SPLUS,SPLUS-d196,07:53:45.974,-25:18:00.5833,2000.
SPLUS,SPLUS-d197,08:00:00,-25:18:00.5833,2000.
SPLUS,SPLUS-d199,08:12:28.0519,-25:18:00.5833,2000.
SPLUS,SPLUS-d200,06:37:53.6842,-26:41:22.8923,2000.
SPLUS,SPLUS-d201,06:44:12.6316,-26:41:22.8923,2000.
SPLUS,SPLUS-d202,06:50:31.5789,-26:41:22.8923,2000.
SPLUS,SPLUS-d203,06:56:50.5263,-26:41:22.8923,2000.
SPLUS,SPLUS-d204,07:03:09.4737,-26:41:22.8923,2000.
SPLUS,SPLUS-d207,07:22:06.3158,-26:41:22.8923,2000.
SPLUS,SPLUS-d208,07:28:25.2632,-26:41:22.8923,2000.
SPLUS,SPLUS-d209,07:34:44.2105,-26:41:22.8923,2000.
SPLUS,SPLUS-d210,07:41:03.1579,-26:41:22.8923,2000.
SPLUS,SPLUS-d211,07:47:22.1053,-26:41:22.8923,2000.
SPLUS,SPLUS-d212,07:53:41.0526,-26:41:22.8923,2000.
SPLUS,SPLUS-d213,08:00:00,-26:41:22.8923,2000.
SPLUS,SPLUS-d214,08:06:18.9474,-26:41:22.8923,2000.
SPLUS,SPLUS-d215,08:12:37.8947,-26:41:22.8923,2000.
SPLUS,SPLUS-d216,06:41:24.9558,-28:04:38.1627,2000.
SPLUS,SPLUS-d217,06:47:47.2566,-28:04:38.1627,2000.
SPLUS,SPLUS-d218,06:54:09.5575,-28:04:38.1627,2000.
SPLUS,SPLUS-d220,07:06:54.1593,-28:04:38.1627,2000.
SPLUS,SPLUS-d221,07:13:16.4602,-28:04:38.1627,2000.
SPLUS,SPLUS-d222,07:19:38.7611,-28:04:38.1627,2000.
SPLUS,SPLUS-d223,07:26:01.0619,-28:04:38.1627,2000.
SPLUS,SPLUS-d224,07:32:23.3628,-28:04:38.1627,2000.
SPLUS,SPLUS-d225,07:38:45.6637,-28:04:38.1627,2000.
SPLUS,SPLUS-d226,07:45:07.9646,-28:04:38.1627,2000.
SPLUS,SPLUS-d227,07:51:30.2655,-28:04:38.1627,2000.
SPLUS,SPLUS-d228,07:57:52.5664,-28:04:38.1627,2000.
SPLUS,SPLUS-d229,08:04:14.8673,-28:04:38.1627,2000.
SPLUS,SPLUS-d230,08:10:37.1681,-28:04:38.1627,2000.
SPLUS,SPLUS-d231,08:16:59.469,-28:04:38.1627,2000.
SPLUS,SPLUS-d232,06:46:48.9686,-29:27:47.436,2000.
SPLUS,SPLUS-d233,06:53:16.4126,-29:27:47.436,2000.
SPLUS,SPLUS-d235,07:06:11.3004,-29:27:47.436,2000.
SPLUS,SPLUS-d236,07:12:38.7444,-29:27:47.436,2000.
SPLUS,SPLUS-d239,07:32:01.0762,-29:27:47.436,2000.
SPLUS,SPLUS-d240,07:38:28.5202,-29:27:47.436,2000.
SPLUS,SPLUS-d242,07:51:23.4081,-29:27:47.436,2000.
SPLUS,SPLUS-d243,07:57:50.852,-29:27:47.436,2000.
SPLUS,SPLUS-d244,08:04:18.296,-29:27:47.436,2000.
SPLUS,SPLUS-d245,08:10:45.7399,-29:27:47.436,2000.
SPLUS,SPLUS-d246,08:17:13.1839,-29:27:47.436,2000.
SPLUS,SPLUS-d247,08:23:40.6278,-29:27:47.436,2000.
SPLUS,SPLUS-d248,06:45:49.0909,-30:50:49.656,2000.
SPLUS,SPLUS-d249,06:52:21.8182,-30:50:49.656,2000.
SPLUS,SPLUS-d250,06:58:54.5455,-30:50:49.656,2000.
SPLUS,SPLUS-d251,07:05:27.2727,-30:50:49.656,2000.
SPLUS,SPLUS-d252,07:12:00,-30:50:49.656,2000.
SPLUS,SPLUS-d253,07:18:32.7273,-30:50:49.656,2000.
SPLUS,SPLUS-d254,07:25:05.4545,-30:50:49.656,2000.
SPLUS,SPLUS-d255,07:31:38.1818,-30:50:49.656,2000.
SPLUS,SPLUS-d256,07:38:10.9091,-30:50:49.656,2000.
SPLUS,SPLUS-d257,07:44:43.6364,-30:50:49.656,2000.
SPLUS,SPLUS-d258,07:51:16.3636,-30:50:49.656,2000.
SPLUS,SPLUS-d259,07:57:49.0909,-30:50:49.656,2000.
SPLUS,SPLUS-d260,08:04:21.8182,-30:50:49.656,2000.
SPLUS,SPLUS-d261,08:10:54.5455,-30:50:49.656,2000.
SPLUS,SPLUS-d262,08:17:27.2727,-30:50:49.656,2000.
SPLUS,SPLUS-d263,08:24:00,-30:50:49.656,2000.
SPLUS,SPLUS-d264,08:30:32.7273,-30:50:49.656,2000.
SPLUS,SPLUS-d266,06:58:03.871,-32:13:44.7973,2000.
SPLUS,SPLUS-d267,07:04:42.0276,-32:13:44.7973,2000.
SPLUS,SPLUS-d268,07:11:20.1843,-32:13:44.7973,2000.
SPLUS,SPLUS-d269,07:17:58.341,-32:13:44.7973,2000.
SPLUS,SPLUS-d270,07:24:36.4977,-32:13:44.7973,2000.
SPLUS,SPLUS-d271,07:31:14.6544,-32:13:44.7973,2000.
SPLUS,SPLUS-d272,07:37:52.8111,-32:13:44.7973,2000.
SPLUS,SPLUS-d273,07:44:30.9677,-32:13:44.7973,2000.
SPLUS,SPLUS-d274,07:51:09.1244,-32:13:44.7973,2000.
SPLUS,SPLUS-d275,07:57:47.2811,-32:13:44.7973,2000.
SPLUS,SPLUS-d276,08:04:25.4378,-32:13:44.7973,2000.
SPLUS,SPLUS-d277,08:11:03.5945,-32:13:44.7973,2000.
SPLUS,SPLUS-d278,08:17:41.7512,-32:13:44.7973,2000.
SPLUS,SPLUS-d279,08:24:19.9078,-32:13:44.7973,2000.
SPLUS,SPLUS-d280,08:30:58.0645,-32:13:44.7973,2000.
SPLUS,SPLUS-d281,06:52:23.662,-33:36:32.8473,2000.
SPLUS,SPLUS-d282,06:59:09.2958,-33:36:32.8473,2000.
SPLUS,SPLUS-d283,07:05:54.9296,-33:36:32.8473,2000.
SPLUS,SPLUS-d284,07:12:40.5634,-33:36:32.8473,2000.
SPLUS,SPLUS-d285,07:19:26.1972,-33:36:32.8473,2000.
SPLUS,SPLUS-d286,07:26:11.831,-33:36:32.8473,2000.
SPLUS,SPLUS-d287,07:32:57.4648,-33:36:32.8473,2000.
SPLUS,SPLUS-d288,07:39:43.0986,-33:36:32.8473,2000.
SPLUS,SPLUS-d289,07:46:28.7324,-33:36:32.8473,2000.
SPLUS,SPLUS-d290,07:53:14.3662,-33:36:32.8473,2000.
SPLUS,SPLUS-d291,08:00:00,-33:36:32.8473,2000.
SPLUS,SPLUS-d292,08:06:45.6338,-33:36:32.8473,2000.
SPLUS,SPLUS-d293,08:13:31.2676,-33:36:32.8473,2000.
SPLUS,SPLUS-d294,08:20:16.9014,-33:36:32.8473,2000.
SPLUS,SPLUS-d295,08:27:02.5352,-33:36:32.8473,2000.
SPLUS,SPLUS-d296,08:33:48.169,-33:36:32.8473,2000.
SPLUS,SPLUS-d297,06:58:17.1429,-34:59:12.3852,2000.
SPLUS,SPLUS-d298,07:05:08.5714,-34:59:12.3852,2000.
SPLUS,SPLUS-d299,07:12:00,-34:59:12.3852,2000.
SPLUS,SPLUS-d300,07:18:51.4286,-34:59:12.3852,2000.
SPLUS,SPLUS-d301,07:25:42.8571,-34:59:12.3852,2000.
SPLUS,SPLUS-d302,07:32:34.2857,-34:59:12.3852,2000.
SPLUS,SPLUS-d303,07:39:25.7143,-34:59:12.3852,2000.
SPLUS,SPLUS-d304,07:46:17.1429,-34:59:12.3852,2000.
SPLUS,SPLUS-d305,07:53:08.5714,-34:59:12.3852,2000.
SPLUS,SPLUS-d306,08:00:00,-34:59:12.3852,2000.
SPLUS,SPLUS-d307,08:06:51.4286,-34:59:12.3852,2000.
SPLUS,SPLUS-d308,08:13:42.8571,-34:59:12.3852,2000.
SPLUS,SPLUS-d309,08:20:34.2857,-34:59:12.3852,2000.
SPLUS,SPLUS-d310,08:27:25.7143,-34:59:12.3852,2000.
SPLUS,SPLUS-d311,08:34:17.1429,-34:59:12.3852,2000.
SPLUS,SPLUS-d313,06:57:23.4783,-36:21:44.7613,2000.
SPLUS,SPLUS-d314,07:04:20.8696,-36:21:44.7613,2000.
SPLUS,SPLUS-d315,07:11:18.2609,-36:21:44.7613,2000.
SPLUS,SPLUS-d317,07:25:13.0435,-36:21:44.7613,2000.
SPLUS,SPLUS-d318,07:32:10.4348,-36:21:44.7613,2000.
SPLUS,SPLUS-d319,07:39:07.8261,-36:21:44.7613,2000.
SPLUS,SPLUS-d320,07:46:05.2174,-36:21:44.7613,2000.
SPLUS,SPLUS-d321,07:53:02.6087,-36:21:44.7613,2000.
SPLUS,SPLUS-d322,08:00:00,-36:21:44.7613,2000.
SPLUS,SPLUS-d323,08:06:57.3913,-36:21:44.7613,2000.
SPLUS,SPLUS-d324,08:13:54.7826,-36:21:44.7613,2000.
SPLUS,SPLUS-d325,08:20:52.1739,-36:21:44.7613,2000.
SPLUS,SPLUS-d326,08:27:49.5652,-36:21:44.7613,2000.
SPLUS,SPLUS-d327,08:34:46.9565,-36:21:44.7613,2000.
SPLUS,SPLUS-d328,08:41:44.3478,-36:21:44.7613,2000.
SPLUS,SPLUS-d329,08:48:41.7391,-36:21:44.7613,2000.
SPLUS,SPLUS-d330,06:58:31.33,-37:44:10.0038,2000.
SPLUS,SPLUS-d331,07:05:36.9458,-37:44:10.0038,2000.
SPLUS,SPLUS-d334,07:26:53.7931,-37:44:10.0038,2000.
SPLUS,SPLUS-d335,07:33:59.4089,-37:44:10.0038,2000.
SPLUS,SPLUS-d336,07:41:05.0246,-37:44:10.0038,2000.
SPLUS,SPLUS-d338,07:55:16.2562,-37:44:10.0038,2000.
SPLUS,SPLUS-d339,08:02:21.8719,-37:44:10.0038,2000.
SPLUS,SPLUS-d340,08:09:27.4877,-37:44:10.0038,2000.
SPLUS,SPLUS-d341,08:16:33.1034,-37:44:10.0038,2000.
SPLUS,SPLUS-d342,08:23:38.7192,-37:44:10.0038,2000.
SPLUS,SPLUS-d343,08:30:44.335,-37:44:10.0038,2000.
SPLUS,SPLUS-d344,08:37:49.9507,-37:44:10.0038,2000.
SPLUS,SPLUS-d345,08:44:55.5665,-37:44:10.0038,2000.
SPLUS,SPLUS-d346,08:52:01.1823,-37:44:10.0038,2000.
SPLUS,SPLUS-d347,07:06:56.0804,-39:06:26.4392,2000.
SPLUS,SPLUS-d348,07:14:10.2513,-39:06:26.4392,2000.
SPLUS,SPLUS-d349,07:21:24.4221,-39:06:26.4392,2000.
SPLUS,SPLUS-d350,07:28:38.593,-39:06:26.4392,2000.
SPLUS,SPLUS-d351,07:35:52.7638,-39:06:26.4392,2000.
SPLUS,SPLUS-d352,07:43:06.9347,-39:06:26.4392,2000.
SPLUS,SPLUS-d353,07:50:21.1055,-39:06:26.4392,2000.
SPLUS,SPLUS-d354,07:57:35.2764,-39:06:26.4392,2000.
SPLUS,SPLUS-d356,08:12:03.6181,-39:06:26.4392,2000.
SPLUS,SPLUS-d357,08:19:17.7889,-39:06:26.4392,2000.
SPLUS,SPLUS-d358,08:26:31.9598,-39:06:26.4392,2000.
SPLUS,SPLUS-d359,08:33:46.1307,-39:06:26.4392,2000.
SPLUS,SPLUS-d360,08:41:00.3015,-39:06:26.4392,2000.
SPLUS,SPLUS-d361,08:48:14.4724,-39:06:26.4392,2000.
SPLUS,SPLUS-d362,08:55:28.6432,-39:06:26.4392,2000.
SPLUS,SPLUS-d363,07:08:18.4615,-40:28:33.9089,2000.
SPLUS,SPLUS-d364,07:15:41.5385,-40:28:33.9089,2000.
SPLUS,SPLUS-d365,07:23:04.6154,-40:28:33.9089,2000.
SPLUS,SPLUS-d366,07:30:27.6923,-40:28:33.9089,2000.
SPLUS,SPLUS-d367,07:37:50.7692,-40:28:33.9089,2000.
SPLUS,SPLUS-d368,07:45:13.8462,-40:28:33.9089,2000.
SPLUS,SPLUS-d372,08:14:46.1538,-40:28:33.9089,2000.
SPLUS,SPLUS-d373,08:22:09.2308,-40:28:33.9089,2000.
SPLUS,SPLUS-d374,08:29:32.3077,-40:28:33.9089,2000.
SPLUS,SPLUS-d375,08:36:55.3846,-40:28:33.9089,2000.
SPLUS,SPLUS-d376,08:44:18.4615,-40:28:33.9089,2000.
SPLUS,SPLUS-d377,08:51:41.5385,-40:28:33.9089,2000.
SPLUS,SPLUS-d378,08:59:04.6154,-40:28:33.9089,2000.
SPLUS,SPLUS-d379,07:09:44.2932,-41:50:32.2588,2000.
SPLUS,SPLUS-d380,07:17:16.6492,-41:50:32.2588,2000.
SPLUS,SPLUS-d381,07:24:49.0052,-41:50:32.2588,2000.
SPLUS,SPLUS-d382,07:32:21.3613,-41:50:32.2588,2000.
SPLUS,SPLUS-d383,07:39:53.7173,-41:50:32.2588,2000.
SPLUS,SPLUS-d384,07:47:26.0733,-41:50:32.2588,2000.
SPLUS,SPLUS-d385,07:54:58.4293,-41:50:32.2588,2000.
SPLUS,SPLUS-d386,08:02:30.7853,-41:50:32.2588,2000.
SPLUS,SPLUS-d387,08:10:03.1414,-41:50:32.2588,2000.
SPLUS,SPLUS-d388,08:17:35.4974,-41:50:32.2588,2000.
SPLUS,SPLUS-d389,08:25:07.8534,-41:50:32.2588,2000.
SPLUS,SPLUS-d390,08:32:40.2094,-41:50:32.2588,2000.
SPLUS,SPLUS-d391,08:40:12.5654,-41:50:32.2588,2000.
SPLUS,SPLUS-d392,08:47:44.9215,-41:50:32.2588,2000.
SPLUS,SPLUS-d393,08:55:17.2775,-41:50:32.2588,2000.
SPLUS,SPLUS-d394,07:11:13.7968,-43:12:21.3398,2000.
SPLUS,SPLUS-d395,07:18:55.8289,-43:12:21.3398,2000.
SPLUS,SPLUS-d397,07:34:19.893,-43:12:21.3398,2000.
SPLUS,SPLUS-d398,07:42:01.9251,-43:12:21.3398,2000.
SPLUS,SPLUS-d399,07:49:43.9572,-43:12:21.3398,2000.
SPLUS,SPLUS-d400,07:57:25.9893,-43:12:21.3398,2000.
SPLUS,SPLUS-d401,08:05:08.0214,-43:12:21.3398,2000.
SPLUS,SPLUS-d402,08:12:50.0535,-43:12:21.3398,2000.
SPLUS,SPLUS-d403,08:20:32.0856,-43:12:21.3398,2000.
SPLUS,SPLUS-d404,08:28:14.1176,-43:12:21.3398,2000.
SPLUS,SPLUS-d405,08:35:56.1497,-43:12:21.3398,2000.
SPLUS,SPLUS-d406,08:43:38.1818,-43:12:21.3398,2000.
SPLUS,SPLUS-d407,08:51:20.2139,-43:12:21.3398,2000.
SPLUS,SPLUS-d408,08:59:02.246,-43:12:21.3398,2000.
SPLUS,SPLUS-d409,07:20:39.3443,-44:34:01.0082,2000.
SPLUS,SPLUS-d410,07:28:31.4754,-44:34:01.0082,2000.
SPLUS,SPLUS-d411,07:36:23.6066,-44:34:01.0082,2000.
SPLUS,SPLUS-d412,07:44:15.7377,-44:34:01.0082,2000.
SPLUS,SPLUS-d413,07:52:07.8689,-44:34:01.0082,2000.
SPLUS,SPLUS-d414,08:00:00,-44:34:01.0082,2000.
SPLUS,SPLUS-d415,08:07:52.1311,-44:34:01.0082,2000.
SPLUS,SPLUS-d416,08:15:44.2623,-44:34:01.0082,2000.
SPLUS,SPLUS-d417,08:23:36.3934,-44:34:01.0082,2000.
SPLUS,SPLUS-d418,08:31:28.5246,-44:34:01.0082,2000.
SPLUS,SPLUS-d419,08:39:20.6557,-44:34:01.0082,2000.
SPLUS,SPLUS-d420,08:47:12.7869,-44:34:01.0082,2000.
SPLUS,SPLUS-d421,08:55:04.918,-44:34:01.0082,2000.
SPLUS,SPLUS-d422,07:22:27.486,-45:55:31.1269,2000.
SPLUS,SPLUS-d423,07:30:30.1676,-45:55:31.1269,2000.
SPLUS,SPLUS-d424,07:38:32.8492,-45:55:31.1269,2000.
SPLUS,SPLUS-d425,07:46:35.5307,-45:55:31.1269,2000.
SPLUS,SPLUS-d426,07:54:38.2123,-45:55:31.1269,2000.
SPLUS,SPLUS-d427,08:02:40.8939,-45:55:31.1269,2000.
SPLUS,SPLUS-d428,08:10:43.5754,-45:55:31.1269,2000.
SPLUS,SPLUS-d429,08:18:46.257,-45:55:31.1269,2000.
SPLUS,SPLUS-d430,08:26:48.9385,-45:55:31.1269,2000.
SPLUS,SPLUS-d431,08:34:51.6201,-45:55:31.1269,2000.
SPLUS,SPLUS-d433,08:50:56.9832,-45:55:31.1269,2000.
SPLUS,SPLUS-d434,08:58:59.6648,-45:55:31.1269,2000.
SPLUS,SPLUS-d435,07:24:20.5714,-47:16:51.5652,2000.
SPLUS,SPLUS-d436,07:32:34.2857,-47:16:51.5652,2000.
SPLUS,SPLUS-d437,07:40:48,-47:16:51.5652,2000.
SPLUS,SPLUS-d438,07:49:01.7143,-47:16:51.5652,2000.
SPLUS,SPLUS-d439,07:57:15.4286,-47:16:51.5652,2000.
SPLUS,SPLUS-d442,08:21:56.5714,-47:16:51.5652,2000.
SPLUS,SPLUS-d443,08:30:10.2857,-47:16:51.5652,2000.
SPLUS,SPLUS-d445,08:46:37.7143,-47:16:51.5652,2000.
SPLUS,SPLUS-d446,08:54:51.4286,-47:16:51.5652,2000.
SPLUS,SPLUS-d447,07:28:56.4706,-48:38:02.2005,2000.
SPLUS,SPLUS-d448,07:37:24.7059,-48:38:02.2005,2000.
SPLUS,SPLUS-d449,07:45:52.9412,-48:38:02.2005,2000.
SPLUS,SPLUS-d450,07:54:21.1765,-48:38:02.2005,2000.
SPLUS,SPLUS-d451,08:02:49.4118,-48:38:02.2005,2000.
SPLUS,SPLUS-d452,08:11:17.6471,-48:38:02.2005,2000.
SPLUS,SPLUS-d453,08:19:45.8824,-48:38:02.2005,2000.
SPLUS,SPLUS-d454,08:28:14.1176,-48:38:02.2005,2000.
SPLUS,SPLUS-d455,08:36:42.3529,-48:38:02.2005,2000.
SPLUS,SPLUS-d456,08:45:10.5882,-48:38:02.2005,2000.
SPLUS,SPLUS-d457,08:53:38.8235,-48:38:02.2005,2000.
SPLUS,SPLUS-d458,07:31:05.0602,-49:58:59.951,2000.
SPLUS,SPLUS-d459,07:39:45.5422,-49:58:59.951,2000.
SPLUS,SPLUS-d460,07:48:26.0241,-49:58:59.951,2000.
SPLUS,SPLUS-d461,07:57:06.506,-49:58:59.951,2000.
SPLUS,SPLUS-d462,08:05:46.988,-49:58:59.951,2000.
SPLUS,SPLUS-d463,08:14:27.4699,-49:58:59.951,2000.
SPLUS,SPLUS-d464,08:23:07.9518,-49:58:59.951,2000.
SPLUS,SPLUS-d465,08:31:48.4337,-49:58:59.951,2000.
SPLUS,SPLUS-d466,08:40:28.9157,-49:58:59.951,2000.
SPLUS,SPLUS-d467,08:49:09.3976,-49:58:59.951,2000.
SPLUS,SPLUS-d468,08:57:49.8795,-49:58:59.951,2000.
SPLUS,SPLUS-d469,07:36:08.9441,-51:19:47.4859,2000.
SPLUS,SPLUS-d470,07:45:05.5901,-51:19:47.4859,2000.
SPLUS,SPLUS-d471,07:54:02.236,-51:19:47.4859,2000.
SPLUS,SPLUS-d472,08:02:58.882,-51:19:47.4859,2000.
SPLUS,SPLUS-d473,08:11:55.528,-51:19:47.4859,2000.
SPLUS,SPLUS-d474,08:20:52.1739,-51:19:47.4859,2000.
SPLUS,SPLUS-d475,08:29:48.8199,-51:19:47.4859,2000.
SPLUS,SPLUS-d476,08:38:45.4658,-51:19:47.4859,2000.
SPLUS,SPLUS-d477,08:47:42.1118,-51:19:47.4859,2000.
SPLUS,SPLUS-d478,08:56:38.7578,-51:19:47.4859,2000.
SPLUS,SPLUS-d479,07:38:35.9236,-52:40:21.2727,2000.
SPLUS,SPLUS-d480,07:47:46.242,-52:40:21.2727,2000.
SPLUS,SPLUS-d482,08:06:06.879,-52:40:21.2727,2000.
SPLUS,SPLUS-d483,08:15:17.1975,-52:40:21.2727,2000.
SPLUS,SPLUS-d484,08:24:27.5159,-52:40:21.2727,2000.
SPLUS,SPLUS-d485,08:33:37.8344,-52:40:21.2727,2000.
SPLUS,SPLUS-d487,08:51:58.4713,-52:40:21.2727,2000.
SPLUS,SPLUS-d488,07:44:12.6316,-54:00:44.4237,2000.
SPLUS,SPLUS-d489,07:53:41.0526,-54:00:44.4237,2000.
SPLUS,SPLUS-d490,08:03:09.4737,-54:00:44.4237,2000.
SPLUS,SPLUS-d491,08:12:37.8947,-54:00:44.4237,2000.
SPLUS,SPLUS-d492,08:22:06.3158,-54:00:44.4237,2000.
SPLUS,SPLUS-d493,08:31:34.7368,-54:00:44.4237,2000.
SPLUS,SPLUS-d496,09:00:00,-54:00:44.4237,2000.
SPLUS,SPLUS-d497,07:50:12.2449,-55:20:52.8866,2000.
SPLUS,SPLUS-d498,08:00:00,-55:20:52.8866,2000.
SPLUS,SPLUS-d499,08:09:47.7551,-55:20:52.8866,2000.
SPLUS,SPLUS-d500,08:19:35.5102,-55:20:52.8866,2000.
SPLUS,SPLUS-d501,08:29:23.2653,-55:20:52.8866,2000.
SPLUS,SPLUS-d504,08:58:46.5306,-55:20:52.8866,2000.
SPLUS,SPLUS-d505,07:56:37.1831,-56:40:45.9845,2000.
SPLUS,SPLUS-d506,08:06:45.6338,-56:40:45.9845,2000.
SPLUS,SPLUS-d507,08:16:54.0845,-56:40:45.9845,2000.
SPLUS,SPLUS-d508,08:27:02.5352,-56:40:45.9845,2000.
SPLUS,SPLUS-d509,08:37:10.9859,-56:40:45.9845,2000.
SPLUS,SPLUS-d510,08:47:19.4366,-56:40:45.9845,2000.
SPLUS,SPLUS-d511,08:57:27.8873,-56:40:45.9845,2000.
SPLUS,SPLUS-d512,08:03:30.219,-58:00:22.9832,2000.
SPLUS,SPLUS-d513,08:14:00.8759,-58:00:22.9832,2000.
SPLUS,SPLUS-d514,08:24:31.5328,-58:00:22.9832,2000.
SPLUS,SPLUS-d515,08:35:02.1898,-58:00:22.9832,2000.
SPLUS,SPLUS-d516,08:45:32.8467,-58:00:22.9832,2000.
SPLUS,SPLUS-d517,08:56:03.5036,-58:00:22.9832,2000.
SPLUS,SPLUS-d518,08:07:13.0827,-59:19:43.0827,2000.
SPLUS,SPLUS-d521,08:39:41.9549,-59:19:43.0827,2000.
SPLUS,SPLUS-d522,08:50:31.5789,-59:19:43.0827,2000.
